Type of propulsion,Count
Fossil Fuels,175438.2062599926
New Energies,237467.6310538727
